﻿country_or_region,year,variable,generation_twh
France,2000,Bioenergy,2.48
France,2000,Clean,482.99
France,2000,Coal,27
France,2000,Fossil,50.61
France,2000,Gas,11.51
France,2000,Hydro,64.78
France,2000,Nuclear,415.16
France,2000,Other Fossil,12.1
France,2000,Other Renewables,0.51
France,2000,Solar,0.01
France,2000,Wind,0.05
France,2000,Wind and solar,0.06
France,2001,Bioenergy,2.85
France,2001,Clean,497.17
France,2001,Coal,20.48
France,2001,Fossil,46.48
France,2001,Gas,15.15
France,2001,Hydro,72.62
France,2001,Nuclear,421.08
France,2001,Other Fossil,10.85
France,2001,Other Renewables,0.48
France,2001,Solar,0.01
France,2001,Wind,0.13
France,2001,Wind and solar,0.14
France,2002,Bioenergy,3.04
France,2002,Clean,499.45
France,2002,Coal,23.66
France,2002,Fossil,52.67
France,2002,Gas,18.37
France,2002,Hydro,58.88
France,2002,Nuclear,436.76
France,2002,Other Fossil,10.64
France,2002,Other Renewables,0.49
France,2002,Solar,0.01
France,2002,Wind,0.27
France,2002,Wind and solar,0.28
France,2003,Bioenergy,3.23
France,2003,Clean,502.54
France,2003,Coal,26.26
France,2003,Fossil,57.38
France,2003,Gas,19.37
France,2003,Hydro,57.35
France,2003,Nuclear,441.07
France,2003,Other Fossil,11.75
France,2003,Other Renewables,0.49
France,2003,Solar,0.01
France,2003,Wind,0.39
France,2003,Wind and solar,0.4
France,2004,Bioenergy,3.31
France,2004,Clean,510.66
France,2004,Coal,24.37
France,2004,Fossil,56.53
France,2004,Gas,21.05
France,2004,Hydro,58.04
France,2004,Nuclear,448.24
France,2004,Other Fossil,11.11
France,2004,Other Renewables,0.47
France,2004,Solar,0.01
France,2004,Wind,0.59
France,2004,Wind and solar,0.6
France,2005,Bioenergy,3.39
France,2005,Clean,506.51
France,2005,Coal,27.51
France,2005,Fossil,63.35
France,2005,Gas,23.07
France,2005,Hydro,50.14
France,2005,Nuclear,451.53
France,2005,Other Fossil,12.77
France,2005,Other Renewables,0.48
France,2005,Solar,0.01
France,2005,Wind,0.96
France,2005,Wind and solar,0.97
France,2006,Bioenergy,3.38
France,2006,Clean,511.1
France,2006,Coal,22.89
France,2006,Fossil,56.9
France,2006,Gas,21.76
France,2006,Hydro,54.88
France,2006,Nuclear,450.19
France,2006,Other Fossil,12.25
France,2006,Other Renewables,0.46
France,2006,Solar,0.01
France,2006,Wind,2.18
France,2006,Wind and solar,2.19
France,2007,Bioenergy,3.75
France,2007,Clean,504.03
France,2007,Coal,24.45
France,2007,Fossil,58.18
France,2007,Gas,21.99
France,2007,Hydro,55.99
France,2007,Nuclear,439.73
France,2007,Other Fossil,11.74
France,2007,Other Renewables,0.47
France,2007,Solar,0.02
France,2007,Wind,4.07
France,2007,Wind and solar,4.09
France,2008,Bioenergy,3.97
France,2008,Clean,511.78
France,2008,Coal,23.06
France,2008,Fossil,55.57
France,2008,Gas,21.88
France,2008,Hydro,62.16
France,2008,Nuclear,439.45
France,2008,Other Fossil,10.63
France,2008,Other Renewables,0.47
France,2008,Solar,0.04
France,2008,Wind,5.69
France,2008,Wind and solar,5.73
France,2009,Bioenergy,4.13
France,2009,Clean,477.89
France,2009,Coal,21.67
France,2009,Fossil,51.32
France,2009,Gas,20.5
France,2009,Hydro,55.49
France,2009,Nuclear,409.74
France,2009,Other Fossil,9.15
France,2009,Other Renewables,0.45
France,2009,Solar,0.17
France,2009,Wind,7.91
France,2009,Wind and solar,8.08
France,2010,Bioenergy,4.44
France,2010,Clean,505.2
France,2010,Coal,23.36
France,2010,Fossil,57.63
France,2010,Gas,23.76
France,2010,Hydro,61.2
France,2010,Nuclear,428.52
France,2010,Other Fossil,10.51
France,2010,Other Renewables,0.48
France,2010,Solar,0.62
France,2010,Wind,9.94
France,2010,Wind and solar,10.56
France,2011,Bioenergy,5.04
France,2011,Clean,508.41
France,2011,Coal,17.39
France,2011,Fossil,58.99
France,2011,Gas,29.49
France,2011,Hydro,45.74
France,2011,Nuclear,442.39
France,2011,Other Fossil,12.11
France,2011,Other Renewables,0.54
France,2011,Solar,2.33
France,2011,Wind,12.37
France,2011,Wind and solar,14.7
France,2012,Bioenergy,5.3
France,2012,Clean,510.66
France,2012,Coal,21.46
France,2012,Fossil,56.42
France,2012,Gas,22.75
France,2012,Hydro,59.83
France,2012,Nuclear,425.41
France,2012,Other Fossil,12.21
France,2012,Other Renewables,0.51
France,2012,Solar,4.43
France,2012,Wind,15.18
France,2012,Wind and solar,19.61
France,2013,Bioenergy,5.68
France,2013,Clean,523.1
France,2013,Coal,23.84
France,2013,Fossil,53.35
France,2013,Gas,18.39
France,2013,Hydro,71.92
France,2013,Nuclear,423.68
France,2013,Other Fossil,11.12
France,2013,Other Renewables,0.5
France,2013,Solar,5.19
France,2013,Wind,16.13
France,2013,Wind and solar,21.32
France,2014,Bioenergy,5.99
France,2014,Clean,530.51
France,2014,Coal,11.26
France,2014,Fossil,35.68
France,2014,Gas,13.16
France,2014,Hydro,63.77
France,2014,Nuclear,436.48
France,2014,Other Fossil,11.26
France,2014,Other Renewables,0.56
France,2014,Solar,6.39
France,2014,Wind,17.32
France,2014,Wind and solar,23.71
France,2015,Bioenergy,6.53
France,2015,Clean,529.27
France,2015,Coal,11.89
France,2015,Fossil,44.65
France,2015,Gas,21.14
France,2015,Hydro,55.56
France,2015,Nuclear,437.43
France,2015,Other Fossil,11.62
France,2015,Other Renewables,0.58
France,2015,Solar,7.75
France,2015,Wind,21.42
France,2015,Wind and solar,29.17
France,2016,Bioenergy,7.52
France,2016,Clean,502.2
France,2016,Coal,10.23
France,2016,Fossil,56.45
France,2016,Gas,34.97
France,2016,Hydro,60.84
France,2016,Nuclear,403.2
France,2016,Other Fossil,11.25
France,2016,Other Renewables,0.6
France,2016,Solar,8.66
France,2016,Wind,21.38
France,2016,Wind and solar,30.04
France,2017,Bioenergy,7.78
France,2017,Clean,490.99
France,2017,Coal,12.81
France,2017,Fossil,65.09
France,2017,Gas,40.5
France,2017,Hydro,50
France,2017,Nuclear,398.36
France,2017,Other Fossil,11.78
France,2017,Other Renewables,0.65
France,2017,Solar,9.59
France,2017,Wind,24.61
France,2017,Wind and solar,34.2
France,2018,Bioenergy,8.38
France,2018,Clean,526.56
France,2018,Coal,8.31
France,2018,Fossil,49.27
France,2018,Gas,30.61
France,2018,Hydro,65.11
France,2018,Nuclear,412.94
France,2018,Other Fossil,10.35
France,2018,Other Renewables,0.61
France,2018,Solar,10.92
France,2018,Wind,28.6
France,2018,Wind and solar,39.52
France,2019,Bioenergy,8.64
France,2019,Clean,512.22
France,2019,Coal,3.64
France,2019,Fossil,53.5
France,2019,Gas,39.31
France,2019,Hydro,56.91
France,2019,Nuclear,399.01
France,2019,Other Fossil,10.55
France,2019,Other Renewables,0.61
France,2019,Solar,12.33
France,2019,Wind,34.72
France,2019,Wind and solar,47.05
France,2020,Bioenergy,8.76
France,2020,Clean,479.11
France,2020,Coal,3.09
France,2020,Fossil,48.14
France,2020,Gas,35.28
France,2020,Hydro,62.59
France,2020,Nuclear,353.83
France,2020,Other Fossil,9.77
France,2020,Other Renewables,0.61
France,2020,Solar,13.46
France,2020,Wind,39.86
France,2020,Wind and solar,53.32
France,2021,Bioenergy,9.6
France,2021,Clean,501.72
France,2021,Coal,5.44
France,2021,Fossil,48.66
France,2021,Gas,33.36
France,2021,Hydro,59.62
France,2021,Nuclear,379.36
France,2021,Other Fossil,9.86
France,2021,Other Renewables,0.58
France,2021,Solar,15.73
France,2021,Wind,36.83
France,2021,Wind and solar,52.56
France,2022,Bioenergy,10.02
France,2022,Clean,412.42
France,2022,Coal,4.4
France,2022,Fossil,57.06
France,2022,Gas,43
France,2022,Hydro,46.18
France,2022,Nuclear,297.2
France,2022,Other Fossil,9.66
France,2022,Other Renewables,0.58
France,2022,Solar,19.98
France,2022,Wind,38.46
France,2022,Wind and solar,58.44
