Country,Product,Flow,1971,1972,1973,1974,1975,1976,1977,1978,1979,1980,1981,1982,1983,1984,1985,1986,1987,1988,1989,1990,1991,1992,1993,1994,1995,1996,1997,1998,1999,2000,2001,2002,2003,2004,2005,2006,2007,2008,2009,2010,2011,2012,2013,2014,2015,2016,2017,2018,2019,2020,2021 Provisional
Germany,"Coal, peat and oil shale",Production (PJ),6282,6013,5920,5894,5830,5840,5657,5647,5864,5993,6136,6144,5910,5905,6072,5858,5657,5630,5553,5098,4444,4088,3678,3389,3305,3094,2964,2718,2646,2538,2436,2444,2417,2443,2365,2229,2276,2096,1942,1922,1955,1993,1886,1848,1800,1663,1651,1585,1190,979,1151
Germany,"Coal, peat and oil shale",Imports (PJ),617,611,638,581,542,532,534,512,631,605,605,580,535,514,578,609,541,491,435,481,493,515,454,526,513,574,664,754,748,930,1102,1051,1069,1187,1113,1398,1368,1328,1106,1364,1397,1394,1568,1557,1569,1661,1415,1292,1180,883,1152
Germany,"Coal, peat and oil shale",Exports (PJ),-756,-717,-766,-963,-703,-650,-665,-883,-842,-661,-630,-508,-542,-650,-566,-455,-388,-380,-442,-342,-197,-113,-73,-114,-84,-53,-39,-26,-19,-23,-20,-27,-23,-23,-26,-29,-33,-44,-37,-40,-40,-49,-49,-65,-59,-59,-63,-63,-63,-59,-71
Germany,"Coal, peat and oil shale",Total energy supply (PJ),5935,5765,5836,5789,5271,5562,5359,5464,5779,5904,6002,5877,5870,6054,6077,5876,5795,5731,5689,5384,4802,4373,4113,4009,3836,3801,3638,3551,3380,3551,3621,3522,3548,3581,3429,3605,3605,3358,3017,3305,3270,3356,3418,3333,3325,3234,2990,2915,2361,1865,2244
Germany,"Coal, peat and oil shale","Electricity, CHP and heat plants (PJ)",-2920,-2995,-3052,-3071,-2833,-3176,-3120,-3166,-3328,-3396,-3532,-3536,-3605,-3693,-3614,-3611,-3529,-3541,-3581,-3388,-3331,-3206,-3127,-3076,-3026,-3108,-2960,-2933,-2816,-2896,-2938,-2962,-3047,-2981,-2867,-2896,-3018,-2767,-2551,-2650,-2625,-2764,-2856,-2702,-2653,-2557,-2351,-2235,-1722,-1361,..
Germany,"Coal, peat and oil shale","Oil refineries, transformation (PJ)",0,0,0,0,0,0,0,0,0,0,0,0,0,0,0,0,0,0,0,0,0,0,0,0,0,0,0,0,0,0,0,0,0,0,0,0,0,0,0,0,0,0,0,0,0,0,0,0,0,0,..
Germany,"Coal, peat and oil shale",Total final consumption (PJ),2521,2359,2332,2279,2037,2025,1923,1925,2049,2060,2039,1962,1980,2106,2169,2018,2028,1934,1876,1643,1132,850,710,631,569,540,498,433,388,375,354,334,351,312,285,322,297,288,249,301,328,303,296,284,318,304,300,279,258,240,..
Germany,"Coal, peat and oil shale",Industry (PJ),1186,1115,1141,1150,1026,1028,959,980,1015,1044,1053,1002,1082,1148,1149,1024,1015,1029,1042,847,608,511,424,425,399,373,368,346,317,309,287,277,305,275,245,276,245,240,202,240,271,252,248,242,269,265,261,240,226,210,..
Germany,"Coal, peat and oil shale",Transport (PJ),89,79,72,56,36,26,19,15,11,10,8,8,8,9,7,5,3,1,1,1,1,1,0,0,0,0,0,0,0,0,1,1,0,0,0,0,0,0,0,0,0,0,0,0,0,0,0,0,0,0,..
Germany,"Coal, peat and oil shale",Residential (PJ),742,695,646,618,544,529,516,502,556,557,543,529,472,487,535,535,536,477,426,450,314,198,178,144,105,108,79,53,43,39,38,31,31,25,25,28,30,27,27,42,36,31,29,24,25,22,21,21,14,13,..
Germany,"Coal, peat and oil shale",Commercial and public services (PJ),308,281,299,289,277,292,289,300,330,315,293,281,289,323,337,324,349,299,291,260,141,89,78,39,46,41,35,19,14,13,14,12,5,4,3,4,8,6,5,4,4,4,2,2,8,1,1,1,0,0,..
Germany,"Coal, peat and oil shale",Other final consumption (PJ),196,188,173,166,154,150,139,129,137,134,143,142,129,138,141,131,125,128,117,85,69,52,30,23,19,17,17,15,14,14,14,13,11,8,12,14,14,14,15,15,16,15,16,16,16,17,18,17,17,17,..
Germany,"Crude, NGL and feedstocks",Production (PJ),323,308,287,267,248,238,234,219,205,237,232,223,229,232,236,233,221,232,222,197,173,166,157,150,148,144,143,148,144,165,166,177,185,203,214,213,212,201,182,154,159,156,156,144,148,151,148,146,135,130,124
Germany,"Crude, NGL and feedstocks",Imports (PJ),4868,5036,5418,5090,4565,5100,5053,4949,5426,5114,4251,3983,3634,3686,3571,3677,3575,3896,3684,3764,3794,4235,4257,4542,4312,4429,4298,4676,4443,4432,4496,4484,4551,4732,4824,4708,4582,4523,4172,3964,3854,3977,3859,3802,3880,3878,3857,3622,3655,3516,3462
Germany,"Crude, NGL and feedstocks",Exports (PJ),-5,-3,-5,0,-3,-1,-2,-4,-4,-3,0,-3,0,0,0,0,0,0,0,0,0,-9,-5,-48,-33,-76,-153,-59,-74,-138,-44,-57,-28,-48,-30,-24,-30,-6,-5,-30,-16,-8,-1,-1,-14,-4,0,0,-5,0,0
Germany,"Crude, NGL and feedstocks",Total energy supply (PJ),5139,5341,5666,5290,4679,5224,5230,5118,5581,5223,4546,4300,3951,3941,3830,3847,3768,4076,3904,3969,3953,4323,4426,4652,4438,4492,4369,4663,4583,4606,4586,4603,4695,4843,4993,4856,4766,4665,4342,4092,3999,4069,3999,3935,4026,4057,4015,3789,3767,3626,3615
Germany,"Crude, NGL and feedstocks","Electricity, CHP and heat plants (PJ)",0,0,0,0,0,0,0,0,0,0,0,0,0,0,0,0,0,0,0,0,0,0,0,0,0,0,0,0,0,0,0,0,0,0,0,0,0,0,0,0,0,0,0,0,0,0,0,0,0,0,..
Germany,"Crude, NGL and feedstocks","Oil refineries, transformation (PJ)",-5254,-5453,-5913,-5625,-4982,-5470,-5438,-5413,-5942,-5879,-5206,-5063,-4831,-4782,-4709,-4626,-4495,-4769,-4583,-4561,-4490,-4815,-4995,-5162,-4934,-4991,-4806,-5069,-4982,-5030,-4954,-4948,-5036,-5240,-5371,-5276,-5177,-5057,-4672,-4398,-4334,-4374,-4258,-4203,-4304,-4362,-4410,-4219,-4238,-4048,..
Germany,"Crude, NGL and feedstocks",Total final consumption (PJ),0,0,0,0,0,0,0,0,0,0,0,0,0,0,0,0,0,0,0,0,0,0,0,0,0,0,0,0,0,0,0,0,0,0,0,0,0,0,0,0,0,0,0,0,0,0,0,0,0,0,..
Germany,"Crude, NGL and feedstocks",Industry (PJ),0,0,0,0,0,0,0,0,0,0,0,0,0,0,0,0,0,0,0,0,0,0,0,0,0,0,0,0,0,0,0,0,0,0,0,0,0,0,0,0,0,0,0,0,0,0,0,0,0,0,..
Germany,"Crude, NGL and feedstocks",Transport (PJ),0,0,0,0,0,0,0,0,0,0,0,0,0,0,0,0,0,0,0,0,0,0,0,0,0,0,0,0,0,0,0,0,0,0,0,0,0,0,0,0,0,0,0,0,0,0,0,0,0,0,..
Germany,"Crude, NGL and feedstocks",Residential (PJ),0,0,0,0,0,0,0,0,0,0,0,0,0,0,0,0,0,0,0,0,0,0,0,0,0,0,0,0,0,0,0,0,0,0,0,0,0,0,0,0,0,0,0,0,0,0,0,0,0,0,..
Germany,"Crude, NGL and feedstocks",Commercial and public services (PJ),0,0,0,0,0,0,0,0,0,0,0,0,0,0,0,0,0,0,0,0,0,0,0,0,0,0,0,0,0,0,0,0,0,0,0,0,0,0,0,0,0,0,0,0,0,0,0,0,0,0,..
Germany,"Crude, NGL and feedstocks",Other final consumption (PJ),0,0,0,0,0,0,0,0,0,0,0,0,0,0,0,0,0,0,0,0,0,0,0,0,0,0,0,0,0,0,0,0,0,0,0,0,0,0,0,0,0,0,0,0,0,0,0,0,0,0,..
Germany,Oil products,Production (PJ),0,0,0,0,0,0,0,0,0,0,0,0,0,0,0,0,0,0,0,0,0,0,0,0,0,0,0,0,0,0,0,0,0,0,0,0,0,0,0,0,0,0,0,0,0,0,0,0,0,0,0
Germany,Oil products,Imports (PJ),1430,1571,1727,1560,1570,1725,1737,1953,1697,1585,1454,1535,1762,1743,1935,2153,2033,1793,1734,1772,2044,1963,1944,1752,1845,1966,2104,1911,1730,1800,1867,1548,1538,1452,1490,1574,1219,1472,1397,1508,1393,1367,1598,1573,1594,1650,1749,1719,1797,1481,1569,
Germany,Oil products,Exports (PJ),-376,-358,-406,-449,-357,-334,-318,-308,-328,-463,-430,-579,-557,-531,-471,-346,-306,-375,-447,-424,-362,-555,-619,-649,-599,-590,-528,-633,-700,-782,-777,-781,-790,-1001,-1107,-1148,-1182,-1070,-935,-748,-752,-779,-840,-884,-927,-950,-980,-941,-913,-929,-1059
Germany,Oil products,Total energy supply (PJ),746,896,979,766,1066,1138,1114,1403,1023,800,834,764,1002,1005,1200,1422,1386,1132,970,1115,1384,1086,1016,772,998,1071,1199,928,794,620,764,529,319,124,-104,26,-389,-38,-12,291,237,152,320,293,213,190,296,315,405,323,218
Germany,Oil products,"Electricity, CHP and heat plants (PJ)",-390,-440,-465,-351,-332,-398,-359,-420,-389,-344,-276,-235,-170,-114,-145,-168,-185,-154,-133,-139,-164,-153,-126,-118,-98,-96,-77,-77,-75,-59,-63,-48,-106,-108,-111,-99,-88,-91,-95,-79,-63,-72,-67,-57,-60,-57,-57,-49,-46,-48,..
Germany,Oil products,"Oil refineries, transformation (PJ)",5206,5405,5868,5522,4985,5368,5373,5346,5897,5784,5105,4985,4746,4700,4639,4560,4428,4708,4550,4522,4451,4765,4955,5105,4885,4933,4744,5004,4917,4959,4885,4882,4972,5130,5246,5152,5062,4953,4605,4339,4267,4308,4189,4138,4243,4295,4345,4156,4183,3989,..
Germany,Oil products,Total final consumption (PJ),4896,5187,5581,5103,5039,5276,5291,5551,5698,5136,4697,4472,4456,4506,4625,4852,4723,4767,4457,4656,4945,4984,5062,4982,5001,5105,5073,5068,4890,4776,4864,4679,4559,4457,4355,4358,3850,4120,3909,3964,3847,3845,3940,3856,3855,3861,3940,3734,3808,3614,..
Germany,Oil products,Industry (PJ),1192,1253,1353,1225,1172,1111,1098,1089,1093,750,631,530,527,380,391,413,387,354,318,296,330,327,331,300,302,275,263,249,224,215,196,202,216,192,189,185,190,198,176,170,145,136,128,118,127,98,90,140,139,145,..
Germany,Oil products,Transport (PJ),1286,1355,1405,1365,1446,1479,1571,1707,1761,1794,1739,1746,1776,1827,1830,1916,1989,2061,2108,2230,2269,2304,2366,2326,2353,2369,2378,2419,2485,2423,2367,2332,2258,2254,2141,2112,2042,2051,2029,2040,2065,2043,2095,2125,2166,2211,2245,2159,2186,1950,..
Germany,Oil products,Residential (PJ),1202,1276,1412,1202,1208,1352,1340,1328,1332,1048,940,894,868,944,1020,1075,974,891,701,757,910,894,983,920,940,996,1024,984,833,816,930,823,798,734,723,770,468,671,586,596,514,542,591,507,489,479,473,430,496,544,..
Germany,Oil products,Commercial and public services (PJ),591,619,674,587,591,658,603,709,740,627,544,456,441,456,482,561,495,502,376,441,503,507,481,462,419,517,413,391,414,369,424,380,402,372,371,386,272,351,320,320,292,306,327,295,293,293,292,135,140,115,..
Germany,Oil products,Other final consumption (PJ),625,683,738,724,622,676,679,717,772,918,843,844,845,899,901,886,878,959,954,932,933,953,900,973,987,948,994,1025,935,953,947,943,884,905,931,905,877,848,797,837,830,818,799,810,780,778,840,869,847,860,..
Germany,Natural gas,Production (PJ),508,611,688,726,666,695,708,763,771,681,701,621,678,713,656,613,683,632,605,567,567,574,576,597,632,683,673,656,700,662,667,669,667,609,600,625,622,551,545,465,456,401,371,287,265,274,252,197,183,169,155
Germany,Natural gas,Imports (PJ),202,319,519,801,967,1027,1124,1222,1428,1562,1462,1363,1367,1390,1478,1524,1663,1619,1766,1787,1857,1904,2039,2138,2316,2628,2561,2484,2579,2558,2656,2757,2946,3173,3303,3265,3039,3185,3076,3299,3146,3102,3431,3154,3597,3417,4008,2953,3168,2783,2930
Germany,Natural gas,Exports (PJ),-5,-4,-4,-5,-4,-4,-6,-9,-12,-83,-96,-75,-55,-41,-43,-42,-51,-42,-35,-39,-39,-47,-55,-61,-101,-117,-126,-138,-180,-177,-220,-242,-447,-501,-710,-544,-550,-528,-464,-718,-618,-597,-771,-782,-1141,-809,-1126,0,0,0,0
Germany,Natural gas,Total energy supply (PJ),704,924,1200,1516,1616,1708,1805,1970,2152,2144,2047,1902,1973,2059,2042,2092,2277,2225,2307,2302,2417,2378,2499,2562,2818,3151,3012,3045,3014,3008,3165,3164,3177,3190,3257,3320,3203,3231,3045,3178,2914,2923,3061,2653,2728,2945,3154,3079,3166,3123,3224
Germany,Natural gas,"Electricity, CHP and heat plants (PJ)",-201,-272,-389,-563,-597,-562,-568,-638,-688,-622,-502,-426,-425,-412,-319,-350,-381,-393,-429,-444,-447,-399,-404,-478,-511,-563,-552,-569,-582,-514,-603,-603,-720,-718,-783,-805,-793,-857,-790,-852,-791,-721,-654,-585,-590,-729,-767,-724,-772,-804,..
Germany,Natural gas,"Oil refineries, transformation (PJ)",0,0,0,0,0,0,0,0,0,0,0,0,0,0,0,0,0,0,0,0,0,0,0,0,0,0,0,0,0,0,0,0,0,0,0,0,0,0,0,0,0,0,0,0,0,0,0,0,0,0,..
Germany,Natural gas,Total final consumption (PJ),481,632,778,901,932,1063,1178,1242,1359,1402,1451,1369,1427,1491,1543,1532,1644,1627,1655,1635,1750,1788,1887,1938,2093,2347,2258,2262,2274,2308,2348,2347,2318,2341,2306,2341,2243,2293,2129,2361,2115,2192,2313,2092,2164,2304,2318,2387,2336,2275,..
Germany,Natural gas,Industry (PJ),340,399,491,545,534,581,640,644,690,705,706,645,652,666,670,650,680,701,733,714,709,723,721,734,751,751,750,753,786,806,780,779,748,794,806,786,849,839,728,844,816,821,822,805,804,837,874,844,815,812,..
Germany,Natural gas,Transport (PJ),0,0,0,0,0,0,0,1,3,3,2,0,0,0,0,0,0,0,0,0,0,0,0,0,0,0,0,0,0,1,1,1,39,41,35,31,29,25,20,21,20,20,19,19,18,19,19,26,33,20,..
Germany,Natural gas,Residential (PJ),0,0,0,0,0,1,1,1,1,1,2,3,3,489,524,535,592,537,546,561,667,686,776,779,877,1036,955,965,950,981,1035,1035,1038,1008,975,949,882,928,915,1001,827,905,942,766,826,925,904,932,937,910,..
Germany,Natural gas,Commercial and public services (PJ),0,0,0,0,0,0,0,0,0,0,0,0,0,166,178,176,191,181,184,196,222,223,237,232,244,271,248,246,243,243,252,252,403,400,386,476,387,410,385,381,338,347,416,380,403,400,401,449,396,416,..
Germany,Natural gas,Other final consumption (PJ),141,232,287,356,397,482,537,597,666,693,740,720,771,171,171,171,181,209,193,164,151,156,153,192,221,288,305,298,294,277,280,280,90,99,103,99,96,91,81,114,113,100,114,121,113,124,119,136,154,116,..
Germany,Nuclear,Production (PJ),68,104,132,158,263,322,450,479,568,607,716,814,854,1141,1516,1427,1551,1716,1769,1668,1606,1733,1673,1645,1671,1746,1859,1763,1855,1850,1869,1798,1801,1823,1779,1825,1533,1620,1472,1533,1178,1085,1061,1060,1001,923,833,829,819,702,754
Germany,Nuclear,Imports (PJ),0,0,0,0,0,0,0,0,0,0,0,0,0,0,0,0,0,0,0,0,0,0,0,0,0,0,0,0,0,0,0,0,0,0,0,0,0,0,0,0,0,0,0,0,0,0,0,0,0,0,0
Germany,Nuclear,Exports (PJ),0,0,0,0,0,0,0,0,0,0,0,0,0,0,0,0,0,0,0,0,0,0,0,0,0,0,0,0,0,0,0,0,0,0,0,0,0,0,0,0,0,0,0,0,0,0,0,0,0,0,0
Germany,Nuclear,Total energy supply (PJ),68,104,132,158,263,322,450,479,568,607,716,814,854,1141,1516,1427,1551,1716,1769,1668,1606,1733,1673,1645,1671,1746,1859,1763,1855,1850,1869,1798,1801,1823,1779,1825,1533,1620,1472,1533,1178,1085,1061,1060,1001,923,833,829,819,702,754
Germany,Nuclear,"Electricity, CHP and heat plants (PJ)",-68,-104,-132,-158,-263,-322,-450,-479,-568,-607,-716,-814,-854,-1141,-1516,-1427,-1551,-1716,-1769,-1668,-1606,-1733,-1673,-1645,-1671,-1746,-1859,-1763,-1855,-1850,-1869,-1798,-1801,-1823,-1779,-1825,-1533,-1620,-1472,-1533,-1178,-1085,-1061,-1060,-1001,-923,-833,-829,-819,-702,..
Germany,Nuclear,"Oil refineries, transformation (PJ)",0,0,0,0,0,0,0,0,0,0,0,0,0,0,0,0,0,0,0,0,0,0,0,0,0,0,0,0,0,0,0,0,0,0,0,0,0,0,0,0,0,0,0,0,0,0,0,0,0,0,..
Germany,Nuclear,Total final consumption (PJ),0,0,0,0,0,0,0,0,0,0,0,0,0,0,0,0,0,0,0,0,0,0,0,0,0,0,0,0,0,0,0,0,0,0,0,0,0,0,0,0,0,0,0,0,0,0,0,0,0,0,..
Germany,Nuclear,Industry (PJ),0,0,0,0,0,0,0,0,0,0,0,0,0,0,0,0,0,0,0,0,0,0,0,0,0,0,0,0,0,0,0,0,0,0,0,0,0,0,0,0,0,0,0,0,0,0,0,0,0,0,..
Germany,Nuclear,Transport (PJ),0,0,0,0,0,0,0,0,0,0,0,0,0,0,0,0,0,0,0,0,0,0,0,0,0,0,0,0,0,0,0,0,0,0,0,0,0,0,0,0,0,0,0,0,0,0,0,0,0,0,..
Germany,Nuclear,Residential (PJ),0,0,0,0,0,0,0,0,0,0,0,0,0,0,0,0,0,0,0,0,0,0,0,0,0,0,0,0,0,0,0,0,0,0,0,0,0,0,0,0,0,0,0,0,0,0,0,0,0,0,..
Germany,Nuclear,Commercial and public services (PJ),0,0,0,0,0,0,0,0,0,0,0,0,0,0,0,0,0,0,0,0,0,0,0,0,0,0,0,0,0,0,0,0,0,0,0,0,0,0,0,0,0,0,0,0,0,0,0,0,0,0,..
Germany,Nuclear,Other final consumption (PJ),0,0,0,0,0,0,0,0,0,0,0,0,0,0,0,0,0,0,0,0,0,0,0,0,0,0,0,0,0,0,0,0,0,0,0,0,0,0,0,0,0,0,0,0,0,0,0,0,0,0,..
Germany,Renewables and waste,Production (PJ),155,161,160,204,201,193,208,213,219,254,267,282,272,287,284,245,242,260,245,264,255,273,280,295,310,325,368,402,395,447,498,538,618,711,821,997,1160,1239,1258,1435,1480,1642,1696,1707,1806,1809,1919,1948,2038,2065,2066
Germany,Renewables and waste,Imports (PJ),0,0,0,0,0,0,0,0,0,0,0,0,0,0,0,0,0,0,0,0,0,0,0,0,0,0,0,0,0,0,0,0,19,23,44,73,77,71,70,92,100,90,101,100,96,87,87,109,98,145,128
Germany,Renewables and waste,Exports (PJ),0,0,0,0,0,0,0,0,-3,-3,-3,-3,-3,-3,-3,0,0,0,0,0,0,0,0,0,0,0,0,0,0,0,0,0,-9,-11,-11,-32,-37,-40,-43,-75,-84,-66,-80,-94,-90,-80,-82,-107,-114,-127,-130
Germany,Renewables and waste,Total energy supply (PJ),155,161,160,204,201,193,208,213,216,251,264,279,269,284,281,245,242,260,245,264,255,273,280,295,310,325,368,402,395,447,498,538,628,723,854,1039,1200,1270,1285,1451,1496,1666,1716,1714,1812,1816,1924,1950,2022,2083,2064
Germany,Renewables and waste,"Electricity, CHP and heat plants (PJ)",-77,-76,-86,-132,-131,-125,-138,-144,-151,-171,-181,-190,-177,-180,-174,-131,-135,-147,-140,-139,-136,-161,-168,-181,-196,-209,-195,-217,-210,-244,-280,-305,-287,-339,-419,-493,-589,-639,-672,-735,-821,-933,-971,-1031,-1128,-1139,-1235,-1232,-1301,-1339,..
Germany,Renewables and waste,"Oil refineries, transformation (PJ)",0,0,0,0,0,0,0,0,0,0,0,0,0,0,0,0,0,0,0,0,0,0,0,0,0,0,0,0,0,0,0,0,0,0,0,0,0,0,0,0,0,0,0,0,0,0,0,0,0,0,..
Germany,Renewables and waste,Total final consumption (PJ),78,85,73,73,70,68,67,66,65,80,83,88,92,103,106,114,106,113,105,125,119,112,113,114,114,116,174,186,185,202,218,233,333,372,426,534,598,616,597,698,654,709,720,658,658,651,663,693,698,722,..
Germany,Renewables and waste,Industry (PJ),1,1,1,1,1,1,1,1,1,1,2,4,3,2,2,0,0,0,0,33,27,19,20,20,20,20,14,19,19,19,27,32,63,86,99,98,122,116,129,152,159,149,152,156,153,164,163,167,168,173,..
Germany,Renewables and waste,Transport (PJ),0,0,0,0,0,0,0,0,0,0,0,0,0,0,0,0,0,0,0,0,0,0,0,1,1,2,4,4,5,10,14,21,29,38,76,140,159,122,110,121,117,123,113,116,107,108,109,113,112,140,..
Germany,Renewables and waste,Residential (PJ),46,44,41,38,39,36,32,32,31,37,39,38,42,54,54,0,0,0,..,92,92,92,92,93,93,93,156,162,160,173,177,179,204,200,199,236,247,291,263,311,285,336,348,287,290,271,279,296,300,288,..
Germany,Renewables and waste,Commercial and public services (PJ),31,39,31,34,30,31,34,33,33,41,42,43,43,43,46,0,0,0,..,0,0,0,0,0,0,0,0,0,1,1,1,1,30,41,45,51,55,72,77,94,74,80,84,73,80,79,83,84,86,86,..
Germany,Renewables and waste,Other final consumption (PJ),0,0,0,0,0,0,0,0,0,0,0,4,4,4,4,114,106,113,105,0,0,0,0,0,0,0,0,0,0,0,0,0,6,7,8,9,15,14,17,19,19,21,24,25,28,29,30,32,32,34,..
Germany,Electricity,Production (PJ),0,0,0,0,0,0,0,0,0,0,0,0,0,0,0,0,0,0,0,0,0,0,0,0,0,0,0,0,0,0,0,0,0,0,0,0,0,0,0,0,0,0,0,0,0,0,0,0,0,0,0
Germany,Electricity,Imports (PJ),58,72,71,64,68,51,71,74,71,84,94,88,102,85,81,92,106,102,98,114,109,102,121,129,143,135,137,138,146,162,165,174,177,173,205,174,165,150,151,155,184,167,141,146,133,102,100,114,144,172,186,
Germany,Electricity,Exports (PJ),-32,-26,-29,-38,-38,-47,-48,-60,-64,-58,-60,-60,-60,-70,-72,-70,-79,-95,-95,-111,-112,-121,-118,-121,-126,-154,-145,-140,-142,-151,-152,-138,-189,-183,-221,-236,-225,-222,-195,-209,-197,-241,-257,-268,-307,-284,-289,-290,-262,-241,-253
Germany,Electricity,Total energy supply (PJ),25,46,42,25,30,5,23,14,7,26,34,28,42,15,9,22,27,7,3,3,-2,-19,3,8,17,-19,-8,-2,4,11,13,36,-12,-9,-16,-61,-60,-72,-44,-54,-14,-74,-116,-122,-174,-182,-189,-175,-118,-69,-67
Germany,Electricity,"Electricity, CHP and heat plants (PJ)",1178,1245,1348,1406,1382,1517,1534,1613,1683,1679,1684,1685,1717,1812,1874,1879,1910,1970,2007,1972,1929,1921,1881,1891,1918,1982,1973,1989,1989,2060,2095,2095,2177,2204,2219,2280,2284,2287,2127,2256,2186,2240,2279,2239,2313,2321,2332,2283,2164,2038,..
Germany,Electricity,"Oil refineries, transformation (PJ)",0,0,0,0,0,0,0,0,0,0,0,0,0,0,0,0,0,0,0,0,0,0,0,0,0,0,0,0,0,0,0,0,0,0,0,0,0,0,0,0,0,0,0,0,0,0,0,0,0,0,..
Germany,Electricity,Total final consumption (PJ),975,1054,1126,1171,1157,1248,1285,1355,1408,1411,1421,1414,1445,1510,1557,1581,1622,1647,1674,1638,1639,1623,1606,1597,1624,1650,1662,1678,1705,1740,1783,1831,1854,1878,1881,1901,1906,1900,1791,1915,1890,1888,1880,1842,1854,1863,1868,1834,1787,1727,..
Germany,Electricity,Industry (PJ),545,575,642,663,618,669,679,703,732,718,710,695,707,740,756,766,775,808,826,779,772,763,728,725,737,724,743,750,765,762,789,794,794,818,830,834,862,846,727,823,843,830,820,838,824,830,836,831,804,760,..
Germany,Electricity,Transport (PJ),33,34,35,36,36,37,37,39,43,43,44,43,43,45,47,48,48,48,49,49,55,54,54,55,58,60,61,58,57,57,59,58,47,46,47,46,44,40,42,43,44,43,43,41,40,42,43,44,42,40,..
Germany,Electricity,Residential (PJ),234,261,283,301,320,345,362,391,402,414,420,426,438,458,477,484,503,490,491,493,440,442,454,448,458,483,471,470,473,470,482,491,501,505,509,509,504,502,501,510,492,493,490,467,463,462,471,460,456,457,..
Germany,Electricity,Commercial and public services (PJ),144,164,144,149,160,174,183,197,205,210,220,224,231,240,249,256,268,274,282,316,372,365,370,368,371,384,388,401,410,452,452,487,512,508,495,512,496,512,521,518,491,501,511,473,507,510,500,480,468,451,..
Germany,Electricity,Other final consumption (PJ),19,21,22,22,23,24,24,26,26,26,26,26,26,27,27,27,28,26,26,..,..,..,..,..,..,..,..,..,..,..,..,..,..,..,..,..,..,..,..,21,20,21,16,23,20,20,18,19,18,19,..
Germany,Heat,Production (PJ),0,0,0,0,0,0,0,0,0,0,0,0,0,0,0,0,0,0,0,0,0,0,0,0,0,0,0,0,0,0,0,0,0,0,0,0,0,0,0,0,0,0,0,0,0,0,0,0,0,0,0
Germany,Heat,Imports (PJ),0,0,0,0,0,0,0,0,0,0,0,0,0,0,0,0,0,0,0,0,0,0,0,0,0,0,0,0,0,0,0,0,0,0,0,0,0,0,0,0,0,0,0,0,0,0,0,0,0,0,0
Germany,Heat,Exports (PJ),0,0,0,0,0,0,0,0,0,0,0,0,0,0,0,0,0,0,0,0,0,0,0,0,0,0,0,0,0,0,0,0,0,0,0,0,0,0,0,0,0,0,0,0,0,0,0,0,0,0,0
Germany,Heat,Total energy supply (PJ),0,0,0,0,0,0,0,0,0,0,0,0,0,0,0,0,0,0,0,0,0,0,0,0,0,0,0,0,0,0,0,0,0,0,0,0,0,0,0,0,0,0,0,0,0,0,0,0,0,0,0
Germany,Heat,"Electricity, CHP and heat plants (PJ)",224,255,269,266,279,310,317,347,359,361,374,369,387,410,445,450,477,442,443,448,430,405,407,395,417,419,382,386,380,316,321,316,466,492,490,490,468,479,469,515,467,481,488,438,458,469,470,468,458,427,..
Germany,Heat,"Oil refineries, transformation (PJ)",0,0,0,0,0,0,0,0,0,0,0,0,0,0,0,0,0,0,0,0,0,0,0,0,0,0,0,0,0,0,0,0,0,0,0,0,0,0,0,0,0,0,0,0,0,0,0,0,0,0,..
Germany,Heat,Total final consumption (PJ),186,214,230,229,244,276,285,312,322,322,328,326,346,366,398,401,422,394,396,383,378,356,355,349,366,378,344,349,344,286,291,286,428,449,446,445,427,436,428,472,420,429,435,383,402,410,411,401,404,376,..
Germany,Heat,Industry (PJ),52,62,67,65,72,81,83,89,90,83,79,76,83,85,97,99,105,98,97,101,85,69,68,70,70,72,50,46,45,38,38,38,107,105,114,148,152,150,152,146,169,188,190,174,173,179,172,191,179,168,..
Germany,Heat,Transport (PJ),0,0,0,0,0,0,0,0,0,0,0,0,0,0,0,0,0,0,0,0,0,0,0,0,0,0,0,0,0,0,0,0,0,0,0,0,0,0,0,0,0,0,0,0,0,0,0,0,0,0,..
Germany,Heat,Residential (PJ),134,152,163,164,172,195,202,223,233,240,249,250,263,282,301,303,317,296,298,282,293,287,287,279,296,307,294,303,298,248,252,249,211,229,223,201,184,185,176,189,164,141,184,153,170,185,186,153,166,160,..
Germany,Heat,Commercial and public services (PJ),0,0,0,0,0,0,0,0,0,0,0,0,0,0,0,0,0,0,0,0,0,0,0,0,0,0,0,0,0,0,0,0,110,114,109,96,92,101,99,137,86,99,61,55,58,46,53,56,58,48,..
Germany,Heat,Other final consumption (PJ),0,0,0,0,0,0,0,0,0,0,0,0,0,0,0,0,0,0,0,0,0,0,0,0,0,0,0,0,0,0,0,0,0,0,0,0,0,0,0,0,0,0,0,0,0,0,0,0,0,0,..
Germany,Total,Production (PJ),7336,7197,7187,7249,7208,7289,7257,7321,7627,7772,8052,8083,7943,8278,8764,8376,8354,8470,8394,7794,7046,6834,6364,6076,6067,5993,6007,5688,5739,5662,5635,5627,5687,5788,5778,5889,5804,5707,5399,5509,5228,5277,5171,5046,5021,4821,4803,4706,4364,4046,4250
Germany,Total,Imports (PJ),7175,7608,8373,8096,7712,8435,8519,8709,9252,8950,7865,7548,7400,7418,7643,8056,7917,7902,7718,7919,8298,8719,8814,9089,9130,9732,9764,9962,9646,9883,10285,10015,10300,10740,10979,11192,10450,10728,9972,10382,10074,10096,10698,10332,10869,10795,11217,9809,10043,8981,9428
Germany,Total,Exports (PJ),-1174,-1108,-1210,-1455,-1105,-1037,-1039,-1263,-1252,-1272,-1218,-1227,-1217,-1295,-1156,-912,-825,-892,-1019,-915,-710,-845,-869,-993,-943,-990,-991,-996,-1116,-1272,-1212,-1245,-1485,-1767,-2105,-2012,-2057,-1909,-1679,-1820,-1707,-1740,-1999,-2094,-2537,-2187,-2540,-1400,-1357,-1356,-1512
Germany,Total,Total energy supply (PJ),12772,13235,14013,13749,13127,14151,14190,14661,15326,14955,14443,13965,13961,14500,14955,14932,15045,15146,14887,14705,14416,14147,14010,13943,14089,14567,14438,14350,14025,14093,14515,14190,14156,14274,14191,14609,13859,14033,13105,13797,13080,13178,13459,12865,12931,12982,13023,12702,12423,11654,12053
Germany,Total,"Electricity, CHP and heat plants (PJ)",-2254,-2385,-2509,-2603,-2495,-2756,-2784,-2887,-3082,-3100,-3149,-3147,-3127,-3318,-3450,-3359,-3394,-3539,-3601,-3358,-3325,-3327,-3209,-3212,-3167,-3321,-3288,-3184,-3168,-3187,-3336,-3304,-3318,-3272,-3250,-3348,-3269,-3208,-2983,-3077,-2824,-2855,-2842,-2757,-2661,-2614,-2440,-2317,-2039,-1789,..
Germany,Total,"Oil refineries, transformation (PJ)",-48,-48,-45,-102,3,-103,-65,-68,-45,-95,-101,-78,-84,-82,-70,-66,-67,-61,-33,-40,-39,-50,-40,-56,-49,-58,-62,-65,-65,-71,-69,-66,-64,-110,-125,-124,-115,-104,-67,-59,-67,-66,-70,-65,-61,-67,-65,-63,-55,-59,..
Germany,Total,Total final consumption (PJ),9137,9530,10120,9755,9480,9956,10028,10451,10900,10411,10019,9629,9747,10082,10397,10497,10545,10481,10163,10081,9963,9714,9732,9610,9768,10135,10009,9976,9786,9688,9857,9711,9843,9809,9699,9901,9322,9652,9102,9709,9253,9367,9584,9115,9249,9393,9499,9327,9290,8955,..
Germany,Total,Industry (PJ),3317,3406,3695,3648,3424,3471,3460,3506,3620,3301,3181,2952,3054,3022,3066,2952,2961,2989,3016,2770,2533,2412,2292,2275,2280,2215,2187,2163,2156,2149,2117,2122,2233,2269,2283,2327,2419,2389,2115,2374,2405,2376,2361,2334,2349,2373,2396,2414,2330,2269,..
Germany,Total,Transport (PJ),1408,1469,1513,1457,1517,1542,1627,1762,1817,1851,1794,1797,1827,1880,1884,1968,2039,2110,2159,2280,2324,2358,2421,2383,2413,2430,2443,2481,2547,2492,2441,2414,2373,2380,2299,2329,2274,2238,2200,2225,2246,2229,2270,2302,2331,2380,2416,2341,2373,2150,..
Germany,Total,Residential (PJ),2357,2427,2545,2323,2285,2457,2453,2477,2555,2297,2194,2140,2087,2714,2911,2931,2923,2691,2462,2636,2714,2599,2770,2664,2769,3023,2979,2937,2758,2726,2915,2808,2783,2701,2654,2694,2316,2605,2469,2649,2319,2448,2584,2204,2264,2343,2334,2292,2368,2374,..
Germany,Total,Commercial and public services (PJ),1073,1104,1148,1059,1057,1155,1109,1239,1307,1193,1099,1004,1004,1228,1292,1317,1303,1256,1133,1213,1238,1184,1166,1101,1081,1213,1084,1057,1082,1077,1143,1131,1463,1440,1409,1525,1311,1451,1407,1454,1284,1338,1401,1280,1348,1329,1329,1206,1148,1116,..
Germany,Total,Other final consumption (PJ),982,1124,1220,1269,1196,1331,1380,1469,1601,1770,1752,1736,1775,1239,1244,1329,1318,1435,1394,1181,1153,1161,1083,1187,1226,1253,1316,1337,1243,1244,1241,1236,991,1020,1054,1028,1002,968,911,1006,999,975,969,995,956,968,1025,1073,1070,1045,..
